CHANGE_NUM,Service Change Name,EFF_BEGIN_DATE,EFF_END_DATE,StopDataDownloadDate,SERVICE_CHANGE_NUM
141,19-Mar,3/23/2019,6/15/2019,,191
142,19-Jun,6/15/2019,9/21/2019,,192
143,19-Sep,9/21/2019,3/21/2020,,193
144,20-Mar,3/21/2020,6/13/2020,,201
145,20-Jun,6/13/2020,9/19/2020,,202
146,20-Sep,9/19/2020,3/20/2021,Oct 20,203
147,21-Mar,3/20/2021,6/12/2021,,211
148,21-Jun,6/12/2021,10/2/2021,,212
149,21-Sep,10/2/2021,3/19/2022,Mar 22,213
150,22-Mar,3/19/2022,6/11/2022,,221
151,22-Jun,6/11/2022,9/17/2022,,222
152,22-Sep,9/17/2022,3/18/2023,,223
153,23-Mar,3/18/2023,6/10/2023,,231
154,23-Jun,6/10/2023,9/2/2023,Jul 23,232
155,23-Sep,9/2/2023,3/30/2024,Jan 24,233
156,24-Mar,3/30/2024,9/14/2024,Jul 24,241
157,24-Sep,9/14/2024,3/29/2025,Feb 25,242
